customer_id,actual_churn,predicted_churn_probability,predicted_churn
CUST-02023,1,0.9472,1
CUST-04268,1,0.9325,1
CUST-04932,1,0.9192,1
CUST-02101,1,0.9019,1
CUST-04780,1,0.8937,1
CUST-00249,1,0.8904,1
CUST-02539,1,0.8901,1
CUST-02736,1,0.8893,1
CUST-00864,0,0.8849,1
CUST-01072,1,0.8799,1
CUST-02751,1,0.8645,1
CUST-00622,1,0.8636,1
CUST-02554,1,0.8564,1
CUST-02015,1,0.8532,1
CUST-00017,1,0.8504,1
CUST-01726,1,0.8481,1
CUST-03121,1,0.8463,1
CUST-03158,0,0.8418,1
CUST-03973,0,0.8417,1
CUST-02902,1,0.8384,1
CUST-03805,1,0.8323,1
CUST-02704,1,0.8309,1
CUST-03549,1,0.8295,1
CUST-01708,1,0.822,1
CUST-01094,0,0.8179,1
CUST-00051,1,0.8142,1
CUST-04673,1,0.8046,1
CUST-01161,1,0.8036,1
CUST-01267,0,0.8004,1
CUST-02254,1,0.7968,1
CUST-04873,1,0.7965,1
CUST-02653,0,0.7932,1
CUST-00186,1,0.7902,1
CUST-01373,0,0.7885,1
CUST-02468,0,0.7881,1
CUST-01962,1,0.7856,1
CUST-00793,1,0.7842,1
CUST-04001,1,0.7818,1
CUST-00071,1,0.7772,1
CUST-03265,0,0.7767,1
CUST-00685,0,0.7723,1
CUST-03313,1,0.7696,1
CUST-00018,1,0.7676,1
CUST-00073,1,0.7673,1
CUST-04183,1,0.765,1
CUST-04970,1,0.7645,1
CUST-02293,0,0.762,1
CUST-04728,1,0.7608,1
CUST-02685,1,0.7605,1
CUST-03562,0,0.7598,1
CUST-00366,0,0.7583,1
CUST-00338,1,0.7544,1
CUST-03310,1,0.7539,1
CUST-01665,0,0.7456,1
CUST-00362,1,0.7428,1
CUST-00014,0,0.7415,1
CUST-02579,1,0.7415,1
CUST-01226,1,0.7388,1
CUST-00131,1,0.7377,1
CUST-01703,1,0.7374,1
CUST-04047,1,0.7363,1
CUST-00618,0,0.7356,1
CUST-01100,1,0.7328,1
CUST-00930,0,0.7319,1
CUST-04195,1,0.7304,1
CUST-01744,1,0.7303,1
CUST-01009,0,0.7244,1
CUST-02184,1,0.7218,1
CUST-02990,1,0.7192,1
CUST-03131,1,0.7182,1
CUST-01417,1,0.7165,1
CUST-00996,1,0.7161,1
CUST-01860,1,0.7146,1
CUST-00085,1,0.7143,1
CUST-03504,1,0.7129,1
CUST-03341,0,0.7105,1
CUST-01292,1,0.7105,1
CUST-02014,1,0.7102,1
CUST-03301,1,0.7095,1
CUST-04764,1,0.7077,1
CUST-01479,1,0.6996,1
CUST-03765,0,0.6996,1
CUST-00833,0,0.6973,1
CUST-00776,0,0.6965,1
CUST-00942,0,0.6963,1
CUST-00401,1,0.6958,1
CUST-00687,1,0.6879,1
CUST-02455,1,0.6857,1
CUST-03664,1,0.6846,1
CUST-02235,0,0.6845,1
CUST-03720,1,0.681,1
CUST-04974,1,0.6809,1
CUST-03027,1,0.6802,1
CUST-01911,1,0.6797,1
CUST-04044,1,0.6793,1
CUST-04032,0,0.6786,1
CUST-01594,1,0.6765,1
CUST-03198,0,0.6763,1
CUST-04330,1,0.6746,1
CUST-02912,0,0.6737,1
CUST-01959,1,0.6712,1
CUST-02610,1,0.67,1
CUST-03774,0,0.6689,1
CUST-00771,1,0.6679,1
CUST-01775,0,0.6673,1
CUST-02558,1,0.6662,1
CUST-03297,0,0.6647,1
CUST-03253,0,0.6623,1
CUST-02706,1,0.6561,1
CUST-03828,1,0.6539,1
CUST-04626,1,0.6537,1
CUST-01164,1,0.6533,1
CUST-03944,1,0.6531,1
CUST-01544,0,0.6518,1
CUST-00764,1,0.6516,1
CUST-01718,1,0.6471,1
CUST-00409,0,0.6419,1
CUST-02746,1,0.6389,1
CUST-04748,1,0.6382,1
CUST-04885,1,0.637,1
CUST-01145,1,0.6349,1
CUST-02069,1,0.6343,1
CUST-01963,1,0.6328,1
CUST-00273,1,0.6325,1
CUST-03938,1,0.6292,1
CUST-03435,1,0.6277,1
CUST-04606,0,0.6276,1
CUST-04448,0,0.626,1
CUST-00778,1,0.6252,1
CUST-00855,1,0.6247,1
CUST-03659,0,0.6228,1
CUST-00405,0,0.6217,1
CUST-01177,1,0.6194,1
CUST-03754,0,0.6186,1
CUST-02919,0,0.6183,1
CUST-04477,1,0.6176,1
CUST-02017,1,0.6169,1
CUST-04299,1,0.616,1
CUST-04945,0,0.6149,1
CUST-02519,1,0.6133,1
CUST-01564,0,0.6119,1
CUST-00235,1,0.6113,1
CUST-02199,1,0.6098,1
CUST-03812,1,0.6092,1
CUST-03680,1,0.5997,1
CUST-03791,0,0.5965,1
CUST-00327,1,0.5927,1
CUST-01313,1,0.5923,1
CUST-01974,1,0.5913,1
CUST-01002,0,0.591,1
CUST-04828,0,0.5899,1
CUST-01850,1,0.5875,1
CUST-03116,0,0.5855,1
CUST-00162,0,0.585,1
CUST-03366,0,0.5835,1
CUST-00287,0,0.5815,1
CUST-04237,1,0.5804,1
CUST-04852,1,0.5792,1
CUST-01569,1,0.5791,1
CUST-03399,1,0.5787,1
CUST-02215,0,0.5757,1
CUST-00941,0,0.5747,1
CUST-04013,1,0.5741,1
CUST-03474,0,0.5682,1
CUST-00136,0,0.568,1
CUST-01053,1,0.5668,1
CUST-02606,0,0.5663,1
CUST-04484,0,0.5661,1
CUST-00652,1,0.5622,1
CUST-02772,1,0.5619,1
CUST-02312,1,0.5611,1
CUST-01494,1,0.561,1
CUST-00109,0,0.5594,1
CUST-02113,1,0.5569,1
CUST-01490,0,0.5566,1
CUST-00877,1,0.5557,1
CUST-01896,0,0.5549,1
CUST-03461,1,0.5539,1
CUST-00500,0,0.5513,1
CUST-00579,1,0.5482,1
CUST-00780,0,0.5469,1
CUST-01222,1,0.5467,1
CUST-02903,1,0.5466,1
CUST-02897,1,0.5419,1
CUST-01429,0,0.5417,1
CUST-04517,1,0.5413,1
CUST-04806,1,0.5411,1
CUST-02648,1,0.5406,1
CUST-00847,1,0.5404,1
CUST-03343,0,0.5368,1
CUST-00625,1,0.5356,1
CUST-03328,1,0.5352,1
CUST-02090,1,0.5345,1
CUST-02894,0,0.533,1
CUST-00698,0,0.5324,1
CUST-03745,0,0.5318,1
CUST-00531,0,0.5306,1
CUST-04789,0,0.5294,1
CUST-01098,0,0.5264,1
CUST-03717,1,0.5251,1
CUST-01950,0,0.5247,1
CUST-00610,1,0.5246,1
CUST-03005,1,0.5236,1
CUST-04511,0,0.5204,1
CUST-04895,1,0.5191,1
CUST-01748,1,0.5191,1
CUST-02846,1,0.5138,1
CUST-01812,1,0.5124,1
CUST-02812,1,0.5106,1
CUST-02185,0,0.5099,1
CUST-02488,0,0.5087,1
CUST-02387,1,0.5078,1
CUST-04070,1,0.5066,1
CUST-04247,1,0.5063,1
CUST-01804,0,0.5052,1
CUST-00103,0,0.5035,1
CUST-04727,1,0.5031,1
CUST-03734,0,0.5021,1
CUST-03865,1,0.502,1
CUST-02531,0,0.5017,1
CUST-02849,1,0.5003,1
CUST-02717,1,0.4988,0
CUST-04918,1,0.4988,0
CUST-01882,1,0.4969,0
CUST-04180,1,0.4965,0
CUST-00294,0,0.4955,0
CUST-04124,0,0.4927,0
CUST-04550,0,0.4915,0
CUST-02827,1,0.4909,0
CUST-01770,1,0.4908,0
CUST-02916,1,0.4904,0
CUST-00246,0,0.4896,0
CUST-02180,1,0.4895,0
CUST-03803,0,0.4878,0
CUST-02631,1,0.4873,0
CUST-04439,0,0.4865,0
CUST-01931,1,0.4852,0
CUST-01347,1,0.4841,0
CUST-02766,1,0.4805,0
CUST-02510,0,0.4798,0
CUST-03342,1,0.479,0
CUST-02980,0,0.4789,0
CUST-02037,0,0.4788,0
CUST-04833,0,0.4786,0
CUST-02068,1,0.4777,0
CUST-01848,1,0.4773,0
CUST-03249,1,0.476,0
CUST-02658,0,0.4751,0
CUST-04418,1,0.4742,0
CUST-03453,0,0.4732,0
CUST-01423,1,0.4727,0
CUST-04744,1,0.4722,0
CUST-02873,1,0.4722,0
CUST-04722,0,0.4714,0
CUST-01083,0,0.4709,0
CUST-02309,1,0.4705,0
CUST-04000,0,0.468,0
CUST-00934,0,0.4672,0
CUST-01607,1,0.4596,0
CUST-00681,0,0.4595,0
CUST-01064,1,0.4589,0
CUST-03569,1,0.4553,0
CUST-03051,0,0.4518,0
CUST-02374,0,0.4511,0
CUST-03287,0,0.4504,0
CUST-02054,1,0.4487,0
CUST-01023,0,0.4487,0
CUST-03706,1,0.4475,0
CUST-00193,0,0.4457,0
CUST-03159,0,0.4452,0
CUST-02708,0,0.4448,0
CUST-00867,0,0.4439,0
CUST-04750,0,0.4435,0
CUST-02110,0,0.4433,0
CUST-04500,1,0.4422,0
CUST-01721,1,0.4418,0
CUST-03201,0,0.4411,0
CUST-04524,1,0.4399,0
CUST-00541,0,0.4392,0
CUST-03405,0,0.4392,0
CUST-04107,1,0.4388,0
CUST-03928,0,0.4386,0
CUST-00908,1,0.4382,0
CUST-00081,1,0.438,0
CUST-00885,0,0.4366,0
CUST-02604,1,0.433,0
CUST-02936,1,0.432,0
CUST-04648,1,0.4312,0
CUST-00322,1,0.4307,0
CUST-04381,1,0.4298,0
CUST-04338,0,0.4296,0
CUST-01504,1,0.4292,0
CUST-01442,0,0.429,0
CUST-03333,0,0.428,0
CUST-04516,0,0.4265,0
CUST-00523,0,0.4263,0
CUST-03296,1,0.4261,0
CUST-02669,0,0.4253,0
CUST-02296,0,0.4247,0
CUST-04179,0,0.4233,0
CUST-01056,0,0.4219,0
CUST-01308,0,0.4215,0
CUST-03374,1,0.4207,0
CUST-03031,0,0.4193,0
CUST-01358,0,0.419,0
CUST-03674,0,0.4186,0
CUST-01231,0,0.4183,0
CUST-04811,0,0.4152,0
CUST-03736,1,0.4142,0
CUST-02905,0,0.413,0
CUST-04557,1,0.4121,0
CUST-03941,0,0.412,0
CUST-00872,1,0.4091,0
CUST-04837,1,0.4086,0
CUST-02250,1,0.4069,0
CUST-02116,0,0.4068,0
CUST-01985,1,0.4063,0
CUST-01625,0,0.4061,0
CUST-02057,1,0.4058,0
CUST-00010,0,0.4045,0
CUST-04569,0,0.4032,0
CUST-04059,0,0.4021,0
CUST-04408,0,0.4017,0
CUST-02652,0,0.4017,0
CUST-01219,0,0.4003,0
CUST-03315,0,0.3986,0
CUST-03811,0,0.3979,0
CUST-04717,0,0.3975,0
CUST-01166,1,0.3968,0
CUST-04650,0,0.3966,0
CUST-03073,0,0.3956,0
CUST-01187,1,0.3956,0
CUST-02020,0,0.3908,0
CUST-02642,1,0.3894,0
CUST-02901,0,0.3871,0
CUST-04742,1,0.3864,0
CUST-00265,0,0.3859,0
CUST-01218,0,0.3859,0
CUST-01759,0,0.3855,0
CUST-01011,0,0.3849,0
CUST-04302,1,0.3842,0
CUST-01686,1,0.3832,0
CUST-04385,0,0.3826,0
CUST-04594,0,0.3823,0
CUST-02956,0,0.3806,0
CUST-02484,1,0.3768,0
CUST-03666,1,0.3753,0
CUST-01694,0,0.3748,0
CUST-03628,0,0.3747,0
CUST-02042,0,0.3745,0
CUST-02730,0,0.374,0
CUST-04123,0,0.3737,0
CUST-04880,0,0.3732,0
CUST-02983,1,0.3711,0
CUST-01379,1,0.3697,0
CUST-02426,0,0.3673,0
CUST-03414,0,0.3661,0
CUST-03616,0,0.3643,0
CUST-04273,1,0.361,0
CUST-03593,0,0.3609,0
CUST-00897,1,0.3605,0
CUST-04577,1,0.3604,0
CUST-02855,1,0.3597,0
CUST-01414,0,0.359,0
CUST-02888,0,0.3587,0
CUST-03840,0,0.3586,0
CUST-00459,0,0.3586,0
CUST-02968,0,0.3586,0
CUST-02957,0,0.3548,0
CUST-03822,1,0.3545,0
CUST-00355,1,0.3534,0
CUST-04846,1,0.3528,0
CUST-00107,1,0.3524,0
CUST-00597,0,0.3516,0
CUST-00215,1,0.351,0
CUST-02278,0,0.3508,0
CUST-04061,1,0.3506,0
CUST-03619,0,0.3496,0
CUST-01745,0,0.3494,0
CUST-02673,1,0.3494,0
CUST-01169,0,0.347,0
CUST-03061,1,0.3464,0
CUST-00452,1,0.3462,0
CUST-04185,0,0.3461,0
CUST-04082,0,0.3458,0
CUST-01695,1,0.3458,0
CUST-01571,0,0.3451,0
CUST-02464,0,0.3444,0
CUST-01324,0,0.3417,0
CUST-03454,1,0.3408,0
CUST-02000,0,0.3403,0
CUST-03161,0,0.34,0
CUST-00467,0,0.3394,0
CUST-00642,0,0.3364,0
CUST-04354,1,0.3361,0
CUST-04279,1,0.3361,0
CUST-04600,1,0.3356,0
CUST-00012,1,0.3354,0
CUST-03883,0,0.3347,0
CUST-01229,0,0.332,0
CUST-01885,0,0.3311,0
CUST-04608,1,0.3302,0
CUST-02428,1,0.33,0
CUST-00758,0,0.3292,0
CUST-01032,0,0.3274,0
CUST-00123,0,0.3269,0
CUST-04037,1,0.3261,0
CUST-01186,0,0.3248,0
CUST-02092,0,0.3231,0
CUST-03138,0,0.323,0
CUST-03428,0,0.3225,0
CUST-03816,0,0.3205,0
CUST-03484,0,0.3205,0
CUST-01861,1,0.3181,0
CUST-04103,0,0.3178,0
CUST-02814,0,0.3176,0
CUST-01022,0,0.3172,0
CUST-01778,1,0.3167,0
CUST-02487,0,0.316,0
CUST-04008,0,0.3153,0
CUST-01269,0,0.3151,0
CUST-04280,0,0.315,0
CUST-04535,0,0.315,0
CUST-04236,1,0.3145,0
CUST-03311,1,0.314,0
CUST-03522,0,0.3131,0
CUST-03732,1,0.3116,0
CUST-03345,1,0.3116,0
CUST-04311,1,0.3112,0
CUST-03839,1,0.3112,0
CUST-04763,1,0.311,0
CUST-00784,1,0.3107,0
CUST-04097,0,0.3095,0
CUST-01954,0,0.3074,0
CUST-01159,0,0.3072,0
CUST-01805,0,0.3066,0
CUST-04128,0,0.3058,0
CUST-02732,0,0.3058,0
CUST-04471,0,0.3047,0
CUST-01071,0,0.3033,0
CUST-01913,0,0.3014,0
CUST-04740,0,0.3008,0
CUST-01712,0,0.3006,0
CUST-02576,0,0.2998,0
CUST-04965,1,0.2996,0
CUST-03434,1,0.2983,0
CUST-02552,1,0.2977,0
CUST-01646,1,0.2956,0
CUST-04987,1,0.2956,0
CUST-04111,0,0.2946,0
CUST-00581,1,0.2942,0
CUST-03098,0,0.2939,0
CUST-04288,1,0.2931,0
CUST-02236,0,0.2921,0
CUST-01413,0,0.2907,0
CUST-02229,0,0.2895,0
CUST-03490,0,0.2886,0
CUST-02826,1,0.2886,0
CUST-02520,1,0.2873,0
CUST-04882,0,0.287,0
CUST-04977,0,0.287,0
CUST-02310,0,0.2869,0
CUST-01900,0,0.2868,0
CUST-04937,1,0.2864,0
CUST-04800,1,0.2859,0
CUST-02140,0,0.2855,0
CUST-01982,0,0.2854,0
CUST-02376,0,0.2853,0
CUST-02877,1,0.284,0
CUST-03420,0,0.2828,0
CUST-00175,1,0.2813,0
CUST-02549,1,0.281,0
CUST-03548,1,0.2809,0
CUST-02390,1,0.2806,0
CUST-04505,0,0.2796,0
CUST-01205,0,0.2791,0
CUST-03032,0,0.2778,0
CUST-01271,0,0.2778,0
CUST-02475,1,0.2767,0
CUST-03172,0,0.2766,0
CUST-02147,0,0.2762,0
CUST-02714,1,0.2759,0
CUST-01497,1,0.2759,0
CUST-01049,0,0.2744,0
CUST-00686,1,0.2736,0
CUST-04797,0,0.2731,0
CUST-03066,1,0.273,0
CUST-01623,0,0.2727,0
CUST-03996,1,0.2719,0
CUST-04521,0,0.2711,0
CUST-01060,0,0.2704,0
CUST-01120,0,0.2701,0
CUST-03851,1,0.2693,0
CUST-01033,1,0.2674,0
CUST-01325,0,0.2672,0
CUST-04101,0,0.2668,0
CUST-03853,0,0.2657,0
CUST-00865,0,0.265,0
CUST-01390,0,0.2642,0
CUST-04847,0,0.2634,0
CUST-03240,0,0.2634,0
CUST-03618,0,0.2617,0
CUST-04196,1,0.2615,0
CUST-01410,0,0.2607,0
CUST-00491,0,0.2601,0
CUST-01359,0,0.2595,0
CUST-01940,1,0.2587,0
CUST-04715,0,0.2585,0
CUST-04464,0,0.2579,0
CUST-02221,0,0.2577,0
CUST-01153,0,0.2575,0
CUST-04943,0,0.2567,0
CUST-00615,1,0.2564,0
CUST-04239,0,0.2549,0
CUST-00274,0,0.2546,0
CUST-00234,0,0.2534,0
CUST-02724,1,0.2529,0
CUST-04113,0,0.2529,0
CUST-02305,0,0.2521,0
CUST-03320,0,0.2518,0
CUST-04443,1,0.2512,0
CUST-00713,1,0.2509,0
CUST-00513,1,0.2508,0
CUST-04281,1,0.2503,0
CUST-04981,1,0.2502,0
CUST-02222,1,0.2501,0
CUST-02022,0,0.2487,0
CUST-00196,1,0.2486,0
CUST-00456,0,0.2482,0
CUST-00518,0,0.2481,0
CUST-04696,1,0.248,0
CUST-00987,0,0.2474,0
CUST-01045,0,0.2464,0
CUST-03456,1,0.2463,0
CUST-01237,0,0.2456,0
CUST-03036,0,0.2436,0
CUST-00592,0,0.2436,0
CUST-02839,1,0.2432,0
CUST-04062,1,0.2429,0
CUST-04887,1,0.2415,0
CUST-02375,0,0.2415,0
CUST-00955,0,0.2414,0
CUST-03423,1,0.2414,0
CUST-02248,0,0.2398,0
CUST-04144,0,0.2392,0
CUST-00595,0,0.2386,0
CUST-03465,1,0.2381,0
CUST-03108,1,0.2377,0
CUST-04570,0,0.2374,0
CUST-03203,1,0.2369,0
CUST-03698,0,0.2362,0
CUST-03109,0,0.2351,0
CUST-02328,1,0.2349,0
CUST-03380,0,0.2315,0
CUST-03750,0,0.2308,0
CUST-00453,0,0.2302,0
CUST-00517,1,0.23,0
CUST-01678,0,0.2285,0
CUST-03463,0,0.2281,0
CUST-00904,0,0.228,0
CUST-03070,0,0.2278,0
CUST-03826,1,0.2268,0
CUST-00956,1,0.2266,0
CUST-00386,0,0.2265,0
CUST-03757,1,0.2264,0
CUST-04091,0,0.2262,0
CUST-03412,0,0.2257,0
CUST-04751,0,0.2254,0
CUST-02735,0,0.2247,0
CUST-02198,1,0.2241,0
CUST-02303,0,0.2241,0
CUST-04946,0,0.223,0
CUST-00213,1,0.2229,0
CUST-01927,1,0.2229,0
CUST-03964,0,0.2228,0
CUST-01333,0,0.2223,0
CUST-02973,0,0.2218,0
CUST-00952,1,0.2216,0
CUST-04547,0,0.2206,0
CUST-00420,0,0.2188,0
CUST-04011,1,0.2184,0
CUST-04277,0,0.2163,0
CUST-03122,1,0.2155,0
CUST-03514,0,0.2145,0
CUST-00957,0,0.2139,0
CUST-03015,1,0.2138,0
CUST-02347,0,0.2135,0
CUST-04272,0,0.2131,0
CUST-02611,1,0.2128,0
CUST-01866,0,0.2124,0
CUST-04761,1,0.2123,0
CUST-03555,0,0.2118,0
CUST-01172,0,0.2117,0
CUST-03166,0,0.2104,0
CUST-03154,0,0.2104,0
CUST-04118,0,0.2099,0
CUST-04431,0,0.2093,0
CUST-00984,0,0.209,0
CUST-04229,0,0.2089,0
CUST-00829,0,0.2077,0
CUST-03137,0,0.2075,0
CUST-02880,0,0.2069,0
CUST-00657,0,0.2066,0
CUST-00399,0,0.2058,0
CUST-00871,0,0.2052,0
CUST-02373,0,0.2047,0
CUST-03431,0,0.2047,0
CUST-00337,1,0.2046,0
CUST-01510,0,0.2045,0
CUST-01553,0,0.2039,0
CUST-04597,0,0.2038,0
CUST-02301,0,0.2031,0
CUST-03965,0,0.2031,0
CUST-01499,0,0.203,0
CUST-03318,0,0.2023,0
CUST-01635,0,0.2019,0
CUST-04214,0,0.2009,0
CUST-01853,0,0.1993,0
CUST-03430,0,0.1992,0
CUST-00351,0,0.1985,0
CUST-01353,0,0.1981,0
CUST-02842,1,0.1981,0
CUST-03019,0,0.1978,0
CUST-00664,0,0.1974,0
CUST-03299,1,0.1974,0
CUST-02575,0,0.1965,0
CUST-04939,0,0.195,0
CUST-04745,0,0.1939,0
CUST-01245,0,0.1938,0
CUST-01439,1,0.1934,0
CUST-00677,0,0.1932,0
CUST-00097,1,0.193,0
CUST-03897,0,0.1921,0
CUST-02810,0,0.1917,0
CUST-00344,0,0.1905,0
CUST-01113,1,0.1903,0
CUST-00245,0,0.19,0
CUST-04384,0,0.1899,0
CUST-00089,0,0.1882,0
CUST-03975,0,0.188,0
CUST-04341,1,0.1873,0
CUST-04416,0,0.1867,0
CUST-03920,0,0.1866,0
CUST-00624,1,0.1866,0
CUST-01419,0,0.1863,0
CUST-01088,1,0.1862,0
CUST-00783,1,0.1858,0
CUST-03252,0,0.1858,0
CUST-04928,0,0.1856,0
CUST-01146,0,0.1845,0
CUST-04619,0,0.1837,0
CUST-02825,0,0.1835,0
CUST-03174,0,0.1826,0
CUST-00669,0,0.1826,0
CUST-03741,1,0.1822,0
CUST-04064,0,0.1817,0
CUST-01528,1,0.1816,0
CUST-00369,1,0.1816,0
CUST-03683,0,0.1816,0
CUST-04976,0,0.1806,0
CUST-03104,0,0.1799,0
CUST-01464,0,0.1796,0
CUST-01209,0,0.1795,0
CUST-00133,0,0.1792,0
CUST-02267,0,0.179,0
CUST-03377,0,0.1788,0
CUST-00629,1,0.1787,0
CUST-04359,0,0.1776,0
CUST-04598,1,0.1775,0
CUST-04176,0,0.1751,0
CUST-00182,0,0.175,0
CUST-02233,0,0.1744,0
CUST-04884,0,0.1742,0
CUST-03494,1,0.1736,0
CUST-03598,1,0.1734,0
CUST-01919,0,0.1712,0
CUST-03190,0,0.1708,0
CUST-03225,1,0.1704,0
CUST-02165,0,0.1699,0
CUST-03118,0,0.1696,0
CUST-02400,0,0.1693,0
CUST-03547,0,0.1693,0
CUST-00710,0,0.1693,0
CUST-04998,0,0.1682,0
CUST-02532,0,0.1679,0
CUST-01591,0,0.1676,0
CUST-00101,0,0.1672,0
CUST-01309,0,0.167,0
CUST-03321,0,0.167,0
CUST-01536,0,0.1662,0
CUST-02407,0,0.1651,0
CUST-03083,0,0.1638,0
CUST-00891,0,0.1634,0
CUST-02232,0,0.161,0
CUST-00388,0,0.16,0
CUST-01303,0,0.1566,0
CUST-04459,1,0.1566,0
CUST-02366,0,0.156,0
CUST-02627,1,0.1555,0
CUST-00211,0,0.1551,0
CUST-03189,0,0.1547,0
CUST-03078,1,0.1547,0
CUST-03681,0,0.1546,0
CUST-00076,0,0.1542,0
CUST-04958,0,0.1538,0
CUST-01994,0,0.1537,0
CUST-03257,0,0.1535,0
CUST-03866,0,0.1534,0
CUST-01495,0,0.1531,0
CUST-02467,0,0.1521,0
CUST-02445,0,0.1519,0
CUST-04478,0,0.1518,0
CUST-00266,0,0.1516,0
CUST-02852,0,0.1516,0
CUST-00291,1,0.1515,0
CUST-02781,1,0.151,0
CUST-03040,0,0.151,0
CUST-00766,0,0.1509,0
CUST-04853,0,0.1509,0
CUST-00626,0,0.1508,0
CUST-02574,0,0.1505,0
CUST-00128,0,0.1497,0
CUST-00368,0,0.1493,0
CUST-01513,0,0.1486,0
CUST-00613,0,0.1484,0
CUST-00736,0,0.1476,0
CUST-03993,0,0.1465,0
CUST-01587,1,0.1462,0
CUST-02640,0,0.1459,0
CUST-02274,0,0.1452,0
CUST-04910,1,0.1451,0
CUST-02430,0,0.145,0
CUST-02391,0,0.1444,0
CUST-01676,1,0.144,0
CUST-04849,0,0.1436,0
CUST-02668,0,0.1434,0
CUST-02788,0,0.1432,0
CUST-01010,0,0.1426,0
CUST-00721,0,0.1425,0
CUST-03766,0,0.1418,0
CUST-01465,0,0.1416,0
CUST-04489,0,0.1404,0
CUST-01880,0,0.1397,0
CUST-04590,0,0.1396,0
CUST-04859,0,0.1391,0
CUST-01171,1,0.1376,0
CUST-01715,1,0.1364,0
CUST-01128,0,0.1364,0
CUST-00532,0,0.1362,0
CUST-04315,0,0.136,0
CUST-01326,0,0.1353,0
CUST-04991,0,0.1352,0
CUST-03221,0,0.1351,0
CUST-00899,1,0.1348,0
CUST-04757,0,0.1345,0
CUST-00821,0,0.134,0
CUST-02194,0,0.1338,0
CUST-01702,1,0.1336,0
CUST-00454,1,0.1335,0
CUST-03634,0,0.1333,0
CUST-03477,0,0.1328,0
CUST-01283,0,0.1327,0
CUST-03134,0,0.1324,0
CUST-03977,0,0.1319,0
CUST-00258,1,0.1317,0
CUST-02595,0,0.1315,0
CUST-03278,0,0.1313,0
CUST-01819,0,0.1311,0
CUST-00655,0,0.1309,0
CUST-00801,0,0.1308,0
CUST-01436,1,0.1306,0
CUST-02032,0,0.1298,0
CUST-03912,0,0.1294,0
CUST-04042,0,0.1287,0
CUST-01936,0,0.1282,0
CUST-00663,0,0.1278,0
CUST-02564,0,0.1271,0
CUST-00515,0,0.127,0
CUST-00787,0,0.1269,0
CUST-00038,0,0.1267,0
CUST-00620,0,0.1266,0
CUST-04725,0,0.1262,0
CUST-01119,0,0.1262,0
CUST-03630,0,0.1254,0
CUST-01784,0,0.1249,0
CUST-04714,0,0.1247,0
CUST-01716,0,0.1244,0
CUST-04565,0,0.1238,0
CUST-00130,0,0.1238,0
CUST-02684,1,0.1237,0
CUST-02800,0,0.1237,0
CUST-04323,0,0.1236,0
CUST-00179,0,0.1234,0
CUST-03457,0,0.1232,0
CUST-04074,0,0.1229,0
CUST-03916,0,0.1225,0
CUST-02168,0,0.1216,0
CUST-03615,0,0.1209,0
CUST-00421,0,0.1203,0
CUST-03533,0,0.1202,0
CUST-02971,0,0.1195,0
CUST-00976,0,0.1191,0
CUST-01149,0,0.1185,0
CUST-03878,0,0.1175,0
CUST-02702,0,0.1173,0
CUST-02807,0,0.1159,0
CUST-02758,0,0.1154,0
CUST-04457,0,0.1152,0
CUST-01897,0,0.1151,0
CUST-00881,0,0.1151,0
CUST-02585,0,0.1147,0
CUST-04962,0,0.1145,0
CUST-01851,0,0.1144,0
CUST-02002,0,0.1143,0
CUST-02265,0,0.1131,0
CUST-03003,0,0.1131,0
CUST-03869,0,0.1125,0
CUST-04704,0,0.1124,0
CUST-01461,0,0.1121,0
CUST-01746,0,0.1118,0
CUST-04394,0,0.1111,0
CUST-03184,0,0.1111,0
CUST-03990,1,0.1111,0
CUST-04778,0,0.111,0
CUST-01108,0,0.1098,0
CUST-02302,0,0.1096,0
CUST-00430,0,0.1094,0
CUST-00471,0,0.1091,0
CUST-01013,0,0.1088,0
CUST-02836,0,0.1087,0
CUST-02478,0,0.1086,0
CUST-04862,1,0.1086,0
CUST-04019,0,0.1086,0
CUST-01244,0,0.1083,0
CUST-00890,0,0.1082,0
CUST-01306,0,0.1079,0
CUST-02178,0,0.1074,0
CUST-04563,0,0.1066,0
CUST-03316,1,0.1054,0
CUST-04527,0,0.1052,0
CUST-00519,0,0.1047,0
CUST-03353,0,0.1046,0
CUST-00048,0,0.1045,0
CUST-02196,0,0.1044,0
CUST-00132,0,0.1042,0
CUST-00720,0,0.1036,0
CUST-01717,1,0.1033,0
CUST-02350,0,0.1032,0
CUST-00770,0,0.1031,0
CUST-00683,0,0.1031,0
CUST-04592,0,0.103,0
CUST-02340,0,0.103,0
CUST-00639,0,0.103,0
CUST-01651,0,0.1028,0
CUST-01199,0,0.101,0
CUST-04843,0,0.1008,0
CUST-03336,0,0.1005,0
CUST-02626,0,0.1001,0
CUST-03716,0,0.1001,0
CUST-03447,0,0.0997,0
CUST-00192,0,0.0992,0
CUST-00431,1,0.099,0
CUST-01637,1,0.0989,0
CUST-04641,0,0.0988,0
CUST-01634,0,0.0988,0
CUST-02324,0,0.0984,0
CUST-02890,0,0.0982,0
CUST-01535,0,0.0977,0
CUST-02679,0,0.0976,0
CUST-00961,0,0.0975,0
CUST-00304,0,0.097,0
CUST-01093,1,0.0956,0
CUST-01335,0,0.0955,0
CUST-03719,0,0.0954,0
CUST-03801,1,0.0943,0
CUST-02263,0,0.0938,0
CUST-01446,0,0.0938,0
CUST-03592,0,0.0933,0
CUST-04922,0,0.093,0
CUST-03437,0,0.0929,0
CUST-03737,1,0.0929,0
CUST-03195,0,0.0928,0
CUST-03089,0,0.0925,0
CUST-02614,0,0.0924,0
CUST-01398,0,0.092,0
CUST-00353,0,0.092,0
CUST-02797,0,0.0919,0
CUST-00057,1,0.0915,0
CUST-02429,0,0.0911,0
CUST-00923,0,0.0906,0
CUST-03553,0,0.0899,0
CUST-02598,0,0.0899,0
CUST-04004,0,0.0897,0
CUST-04601,0,0.0895,0
CUST-04554,0,0.0893,0
CUST-01434,0,0.0889,0
CUST-04604,0,0.0887,0
CUST-02661,0,0.0882,0
CUST-03707,0,0.0881,0
CUST-04038,0,0.0879,0
CUST-02052,0,0.0879,0
CUST-04997,0,0.087,0
CUST-04002,0,0.0868,0
CUST-03959,0,0.0857,0
CUST-00349,0,0.0855,0
CUST-04808,0,0.0854,0
CUST-02019,0,0.0852,0
CUST-02223,0,0.0849,0
CUST-01392,0,0.0846,0
CUST-04344,0,0.084,0
CUST-03957,0,0.084,0
CUST-02163,0,0.0838,0
CUST-03849,0,0.0834,0
CUST-03034,0,0.0833,0
CUST-01184,1,0.0828,0
CUST-03544,0,0.0823,0
CUST-01761,0,0.082,0
CUST-01661,0,0.0819,0
CUST-02380,0,0.0815,0
CUST-02077,1,0.0814,0
CUST-01844,0,0.0813,0
CUST-01104,0,0.0808,0
CUST-01946,0,0.0805,0
CUST-03979,0,0.0803,0
CUST-03063,0,0.0796,0
CUST-01458,0,0.0792,0
CUST-02566,0,0.0788,0
CUST-01663,0,0.0787,0
CUST-01669,0,0.0785,0
CUST-02349,0,0.0784,0
CUST-02865,0,0.0783,0
CUST-03879,0,0.0775,0
CUST-00360,0,0.0774,0
CUST-03894,0,0.077,0
CUST-03984,0,0.0757,0
CUST-03708,0,0.0757,0
CUST-03821,0,0.0754,0
CUST-04617,0,0.0752,0
CUST-04747,0,0.0749,0
CUST-03208,0,0.0747,0
CUST-02860,0,0.0746,0
CUST-04820,0,0.0744,0
CUST-00224,0,0.0741,0
CUST-03872,0,0.0738,0
CUST-02144,0,0.0735,0
CUST-04230,0,0.0734,0
CUST-00861,1,0.073,0
CUST-04475,0,0.0727,0
CUST-02471,0,0.0725,0
CUST-00520,0,0.0712,0
CUST-01687,0,0.0711,0
CUST-01492,0,0.0708,0
CUST-04150,1,0.0708,0
CUST-01966,0,0.0693,0
CUST-01961,0,0.0688,0
CUST-04909,0,0.0686,0
CUST-01520,0,0.0677,0
CUST-04167,1,0.0672,0
CUST-02288,0,0.067,0
CUST-02156,0,0.0666,0
CUST-04542,0,0.0663,0
CUST-04679,0,0.0662,0
CUST-00854,0,0.0661,0
CUST-00958,0,0.0659,0
CUST-02639,0,0.0657,0
CUST-02159,0,0.0653,0
CUST-01476,0,0.0653,0
CUST-02954,0,0.065,0
CUST-03636,0,0.0648,0
CUST-03608,0,0.0644,0
CUST-04672,0,0.0638,0
CUST-01863,0,0.0638,0
CUST-04217,0,0.0637,0
CUST-00789,0,0.0635,0
CUST-00605,0,0.0632,0
CUST-03314,0,0.0632,0
CUST-01835,0,0.0631,0
CUST-01090,0,0.0629,0
CUST-04695,0,0.0625,0
CUST-04462,0,0.0618,0
CUST-01484,0,0.0616,0
CUST-03092,1,0.0612,0
CUST-03572,0,0.0611,0
CUST-00666,0,0.0609,0
CUST-01418,0,0.0607,0
CUST-04130,0,0.0601,0
CUST-01671,0,0.06,0
CUST-04373,1,0.0598,0
CUST-04254,0,0.0595,0
CUST-00725,0,0.0592,0
CUST-01658,1,0.0591,0
CUST-01952,0,0.0589,0
CUST-02418,0,0.0587,0
CUST-04716,0,0.0587,0
CUST-03429,0,0.0579,0
CUST-04102,0,0.0579,0
CUST-01720,0,0.0575,0
CUST-00593,0,0.0575,0
CUST-03906,0,0.0572,0
CUST-02545,0,0.0569,0
CUST-04546,0,0.0565,0
CUST-04447,0,0.0559,0
CUST-04515,0,0.0555,0
CUST-02447,0,0.0554,0
CUST-01831,0,0.0552,0
CUST-03368,0,0.055,0
CUST-02111,0,0.0547,0
CUST-01445,0,0.0545,0
CUST-03055,0,0.0544,0
CUST-00752,0,0.0543,0
CUST-01132,0,0.0539,0
CUST-00866,0,0.0531,0
CUST-04078,0,0.0531,0
CUST-01869,1,0.0531,0
CUST-00434,0,0.0529,0
CUST-04174,0,0.0528,0
CUST-03579,0,0.0528,0
CUST-04297,0,0.0526,0
CUST-04249,0,0.0521,0
CUST-02784,0,0.052,0
CUST-02119,0,0.0516,0
CUST-04398,0,0.0515,0
CUST-00775,0,0.051,0
CUST-02935,0,0.0502,0
CUST-03146,0,0.0493,0
CUST-03401,0,0.0489,0
CUST-03861,0,0.0487,0
CUST-01330,0,0.0486,0
CUST-03165,0,0.0484,0
CUST-04132,0,0.0481,0
CUST-01139,0,0.0479,0
CUST-01496,1,0.0477,0
CUST-01456,0,0.0476,0
CUST-03873,0,0.0473,0
CUST-00536,0,0.0472,0
CUST-01878,0,0.047,0
CUST-00805,0,0.0468,0
CUST-03449,0,0.0468,0
CUST-03971,0,0.0457,0
CUST-00417,0,0.0454,0
CUST-03982,1,0.0452,0
CUST-00503,0,0.0452,0
CUST-04772,0,0.0449,0
CUST-03907,0,0.044,0
CUST-01432,0,0.0438,0
CUST-01130,0,0.0438,0
CUST-03684,0,0.0436,0
CUST-04823,0,0.0433,0
CUST-03874,0,0.0433,0
CUST-01508,0,0.0428,0
CUST-02182,0,0.0427,0
CUST-03574,0,0.0422,0
CUST-04826,0,0.042,0
CUST-00796,0,0.0419,0
CUST-01800,0,0.0417,0
CUST-04888,0,0.0414,0
CUST-02660,0,0.0413,0
CUST-01307,0,0.0412,0
CUST-00944,0,0.0412,0
CUST-01453,1,0.0411,0
CUST-02141,0,0.0406,0
CUST-00046,0,0.0404,0
CUST-00100,0,0.0404,0
CUST-03637,1,0.0403,0
CUST-03649,0,0.04,0
CUST-00911,0,0.0398,0
CUST-02033,0,0.0394,0
CUST-02125,0,0.0394,0
CUST-01097,0,0.0392,0
CUST-01654,1,0.0388,0
CUST-00684,0,0.0386,0
CUST-02150,0,0.0385,0
CUST-02294,0,0.0382,0
CUST-00537,0,0.0381,0
CUST-04210,0,0.0378,0
CUST-02177,0,0.0376,0
CUST-03317,0,0.0372,0
CUST-01110,0,0.0371,0
CUST-04379,0,0.037,0
CUST-00798,0,0.0368,0
CUST-02096,0,0.0366,0
CUST-00378,0,0.0365,0
CUST-00558,0,0.0362,0
CUST-04389,0,0.0362,0
CUST-01822,0,0.0359,0
CUST-03502,0,0.0359,0
CUST-02311,0,0.0355,0
CUST-03062,0,0.0354,0
CUST-04133,0,0.0353,0
CUST-01840,0,0.0352,0
CUST-02676,0,0.0351,0
CUST-00936,0,0.035,0
CUST-01133,0,0.035,0
CUST-02933,0,0.0348,0
CUST-01277,0,0.0347,0
CUST-00331,0,0.0346,0
CUST-04316,0,0.0344,0
CUST-04688,0,0.0342,0
CUST-01532,0,0.0341,0
CUST-02590,0,0.0341,0
CUST-00673,0,0.0339,0
CUST-01415,0,0.0338,0
CUST-02001,0,0.0334,0
CUST-01035,0,0.0332,0
CUST-04593,0,0.0329,0
CUST-01907,0,0.0327,0
CUST-00530,0,0.0325,0
CUST-03769,0,0.0324,0
CUST-01447,0,0.0323,0
CUST-04033,0,0.032,0
CUST-00032,0,0.0317,0
CUST-02559,0,0.0314,0
CUST-02507,0,0.0309,0
CUST-00083,0,0.0309,0
CUST-02145,0,0.0307,0
CUST-00241,0,0.0302,0
CUST-01605,1,0.03,0
CUST-01360,0,0.0298,0
CUST-01117,0,0.0298,0
CUST-04568,0,0.0298,0
CUST-02121,0,0.0297,0
CUST-04671,0,0.0296,0
CUST-04954,0,0.0294,0
CUST-04920,0,0.0294,0
CUST-03888,0,0.0286,0
CUST-04775,0,0.0285,0
CUST-04899,0,0.0283,0
CUST-04274,0,0.0282,0
CUST-00382,0,0.0282,0
CUST-04699,0,0.028,0
CUST-01073,0,0.0276,0
CUST-03969,0,0.0269,0
CUST-03238,0,0.0265,0
CUST-03247,1,0.0259,0
CUST-00091,0,0.0258,0
CUST-04687,0,0.0257,0
CUST-03898,0,0.0257,0
CUST-01136,0,0.0254,0
CUST-03175,0,0.0252,0
CUST-01529,0,0.0249,0
CUST-00276,0,0.0248,0
CUST-03487,0,0.0242,0
CUST-02252,0,0.0242,0
CUST-02946,0,0.0238,0
CUST-04399,0,0.0237,0
CUST-02533,0,0.0236,0
CUST-04927,0,0.0235,0
CUST-04930,0,0.023,0
CUST-00744,0,0.0228,0
CUST-01331,0,0.0225,0
CUST-00884,0,0.0224,0
CUST-02201,0,0.0224,0
CUST-02723,0,0.0223,0
CUST-02683,0,0.0222,0
CUST-00286,0,0.0222,0
CUST-02083,0,0.0222,0
CUST-00445,0,0.0221,0
CUST-02887,0,0.0215,0
CUST-03842,0,0.0211,0
CUST-03595,0,0.0208,0
CUST-03665,0,0.0198,0
CUST-03999,0,0.0198,0
CUST-02279,0,0.0197,0
CUST-03450,0,0.0195,0
CUST-03006,0,0.0194,0
CUST-02243,0,0.0192,0
CUST-01431,0,0.0191,0
CUST-03810,0,0.0186,0
CUST-03324,0,0.0185,0
CUST-00586,0,0.0185,0
CUST-03755,0,0.0185,0
CUST-02767,0,0.0185,0
CUST-03139,0,0.0184,0
CUST-01705,0,0.0182,0
CUST-03847,0,0.0176,0
CUST-00661,0,0.0175,0
CUST-03356,0,0.0172,0
CUST-03232,0,0.0167,0
CUST-04724,0,0.0166,0
CUST-04017,0,0.0166,0
CUST-04349,0,0.0164,0
CUST-00025,0,0.0161,0
CUST-00457,0,0.0159,0
CUST-02587,0,0.0157,0
CUST-04207,0,0.0154,0
CUST-01001,0,0.0152,0
CUST-04146,0,0.015,0
CUST-03550,0,0.0148,0
CUST-04690,0,0.0148,0
CUST-00168,0,0.0144,0
CUST-04192,0,0.0144,0
CUST-03763,1,0.0143,0
CUST-01667,0,0.0142,0
CUST-02761,0,0.0139,0
CUST-01150,0,0.0138,0
CUST-01916,0,0.0136,0
CUST-00498,0,0.0136,0
CUST-04549,0,0.0136,0
CUST-00209,0,0.0135,0
CUST-04607,0,0.0134,0
CUST-02568,0,0.0134,0
CUST-02638,0,0.0134,0
CUST-02974,0,0.0131,0
CUST-00507,0,0.0131,0
CUST-01471,0,0.0127,0
CUST-00159,0,0.0126,0
CUST-01794,0,0.0124,0
CUST-02792,0,0.0122,0
CUST-03953,0,0.0121,0
CUST-02179,0,0.0117,0
CUST-03373,0,0.0116,0
CUST-01639,0,0.0116,0
CUST-01917,0,0.0115,0
CUST-01696,0,0.0115,0
CUST-04079,0,0.0108,0
CUST-02099,0,0.0106,0
CUST-00696,0,0.01,0
CUST-03112,0,0.0099,0
CUST-04871,0,0.0096,0
CUST-03576,0,0.0095,0
CUST-04605,0,0.0095,0
CUST-04370,0,0.0094,0
CUST-02012,0,0.0093,0
CUST-01175,0,0.0093,0
CUST-04362,0,0.009,0
CUST-02452,0,0.0084,0
CUST-02988,0,0.0084,0
CUST-04588,0,0.0083,0
CUST-00009,0,0.0083,0
CUST-04924,0,0.0083,0
CUST-00644,0,0.0078,0
CUST-04923,0,0.0078,0
CUST-01948,0,0.0076,0
CUST-00256,0,0.0072,0
CUST-01287,0,0.007,0
CUST-00896,0,0.007,0
CUST-03384,0,0.0068,0
CUST-03106,0,0.0067,0
CUST-01452,0,0.0066,0
CUST-03462,0,0.0064,0
CUST-02412,0,0.0064,0
CUST-02255,0,0.0063,0
CUST-02444,0,0.0052,0
CUST-04353,0,0.0048,0
CUST-02097,0,0.0047,0
CUST-02409,0,0.0047,0
CUST-03379,0,0.0044,0
CUST-00177,0,0.0043,0
CUST-04680,0,0.0029,0
CUST-02737,0,0.0026,0
